Name,MFI_rep1,MFI_rep2,Mean,SD
WT,1,1,1,0
T961F,2.617353399,1.519561557,2.068457478,0.776256056
K986P,2.974941155,1.514173733,2.244557444,1.03291855
V987P,2.676359372,1.16267216,1.919515766,1.070338492
D994E,2.643576387,1.268809767,1.956193077,0.9721068
D994Q,2.324753788,1.057526914,1.691140351,0.896064716
Q1005R,2.471232039,1.319014254,1.895123147,0.814741009
S943H,1.617344279,3.390155296,2.503749788,1.253566692
A944S,1.627839257,2.813552105,2.220695681,0.838425595
2P,1.684500153,4.998309979,3.341405066,2.3432174
2PQ,2.475953455,3.212024432,2.843988944,0.520480779
2PR,2.025250306,3.168775866,2.597013086,0.808594678
2PQR,1.685245338,4.416064514,3.050654926,1.930980758