Name,MFI_rep1,MFI_rep2,Mean,SD
WT,1,1,1,0
T961F,0.001078749,0.005586592,0.00333267,0.003187527
K986P,0.002157497,0.002793296,0.002475397,0.000449578
V987P,0.002157497,0.002094972,0.002126235,4.4212E-05
D994E,0,0.002793296,0.001396648,0.001975159
D994Q,0,0.004888268,0.002444134,0.003456528
Q1005R,0.001078749,0.013268156,0.007173453,0.008619213
S943H,3.082794308,1.400837989,2.2418161485,1.18932271882446
A944S,2.06080207,2.11103352,2.085917795,0.035518998923833
2P,0.027166882,0.012704174,0.019935528,0.0102266789011209
2PQ,0.020698577,0.007259528,0.0139790525,0.00950284268059829
2PR,0.025873221,0.004537205,0.015205213,0.0150868415971047
2PQR,0.03622251,0.003629764,0.019926137,0.0230465517140907