pos,resi,conservation_count,align_freq
883,T,15,1.0
884,S,15,1.0
885,G,15,1.0
886,W,15,1.0
887,T,15,1.0
888,F,14,0.9333333333333333
889,G,15,1.0
890,A,15,1.0
891,G,15,1.0
892,A,15,1.0
893,A,15,1.0
894,L,15,1.0
895,Q,15,1.0
896,I,15,1.0
897,P,15,1.0
898,F,15,1.0
899,A,15,1.0
900,M,15,1.0
901,Q,15,1.0
902,M,15,1.0
903,A,15,1.0
904,Y,15,1.0
905,R,15,1.0
906,F,15,1.0
907,N,15,1.0
908,G,15,1.0
909,I,15,1.0
910,G,15,1.0
911,V,15,1.0
912,T,15,1.0
913,Q,15,1.0
914,N,15,1.0
915,V,15,1.0
916,L,15,1.0
917,Y,15,1.0
918,E,15,1.0
919,N,15,1.0
920,Q,15,1.0
921,K,15,1.0
922,L,15,1.0
923,I,15,1.0
924,A,15,1.0
925,N,15,1.0
926,Q,15,1.0
927,F,15,1.0
928,N,15,1.0
929,S,15,1.0
930,A,15,1.0
931,I,15,1.0
932,G,15,1.0
933,K,15,1.0
934,I,15,1.0
935,Q,15,1.0
936,D,15,1.0
937,S,15,1.0
938,L,15,1.0
939,S,14,0.9333333333333333
940,S,15,1.0
941,T,15,1.0
942,A,15,1.0
943,S,15,1.0
944,A,15,1.0
945,L,15,1.0
946,G,15,1.0
947,K,15,1.0
948,L,15,1.0
949,Q,15,1.0
950,D,14,0.9333333333333333
951,V,15,1.0
952,V,15,1.0
953,N,15,1.0
954,Q,11,0.7333333333333333
955,N,15,1.0
956,A,15,1.0
957,Q,15,1.0
958,A,15,1.0
959,L,15,1.0
960,N,15,1.0
961,T,15,1.0
962,L,15,1.0
963,V,15,1.0
964,K,15,1.0
965,Q,15,1.0
966,L,15,1.0
967,S,15,1.0
968,S,15,1.0
969,N,11,0.7333333333333333
970,F,15,1.0
971,G,15,1.0
972,A,15,1.0
973,I,15,1.0
974,S,15,1.0
975,S,15,1.0
976,V,15,1.0
977,L,15,1.0
978,N,15,1.0
979,D,15,1.0
980,I,15,1.0
981,L,14,0.9333333333333333
982,S,14,0.9333333333333333
983,R,15,1.0
984,L,15,1.0
985,D,15,1.0
986,K,15,1.0
987,V,15,1.0
988,E,15,1.0
989,A,15,1.0
990,E,15,1.0
991,V,15,1.0
992,Q,15,1.0
993,I,15,1.0
994,D,15,1.0
995,R,15,1.0
996,L,15,1.0
997,I,15,1.0
998,T,15,1.0
999,G,15,1.0
1000,R,15,1.0
1001,L,15,1.0
1002,Q,15,1.0
1003,S,15,1.0
1004,L,15,1.0
1005,Q,15,1.0
1006,T,15,1.0
1007,Y,15,1.0
1008,V,15,1.0
1009,T,15,1.0
1010,Q,15,1.0
1011,Q,15,1.0
1012,L,15,1.0
1013,I,15,1.0
1014,R,15,1.0
1015,A,15,1.0
1016,A,15,1.0
1017,E,15,1.0
1018,I,15,1.0
1019,R,15,1.0
1020,A,15,1.0
1021,S,15,1.0
1022,A,15,1.0
1023,N,15,1.0
1024,L,15,1.0
1025,A,15,1.0
1026,A,15,1.0
1027,T,14,0.9333333333333333
1028,K,15,1.0
1029,M,15,1.0
1030,S,15,1.0
1031,E,15,1.0
1032,C,15,1.0
1033,V,15,1.0
1034,L,15,1.0
